url,label_name,label
https://www.google.com,safe,0
https://github.com,safe,0
https://www.microsoft.com/en-us/security,safe,0
https://stackoverflow.com/questions,safe,0
https://www.wikipedia.org,safe,0
https://www.amazon.in,safe,0
https://www.hdfcbank.com,safe,0
https://www.onlinesbi.sbi,safe,0
https://www.icicibank.com,safe,0
https://www.axisbank.com,safe,0
https://www.cert-in.org.in,safe,0
https://www.cloudflare.com,safe,0
https://www.ncsc.gov.uk,safe,0
https://www.cisa.gov,safe,0
https://www.youtube.com,safe,0
https://www.linkedin.com,safe,0
https://www.apple.com,safe,0
https://www.rbi.org.in,safe,0
https://www.cybercrime.gov.in,safe,0
https://www.npci.org.in,safe,0
https://www.paypal.com,safe,0
https://www.netflix.com,safe,0
https://www.spotify.com,safe,0
https://www.adobe.com,safe,0
https://www.zoom.us,safe,0
https://www.dropbox.com,safe,0
https://www.canva.com,safe,0
https://www.reddit.com,safe,0
https://www.twitter.com,safe,0
https://www.facebook.com,safe,0
http://secure-login-verify.account-update.tk/signin,warning,1
https://bit.ly/3xK9mP2,warning,1
http://www.paypal-secure-login.xyz/verify,warning,1
https://account-update-banking.info/confirm,warning,1
http://free-prize-winner.click/claim,warning,1
http://fast-crypto-doubler.top/invest,warning,1
http://shorturl.at/abc12,warning,1
http://verify-identity-now.online/auth,warning,1
http://customer-support-desk.site/help,warning,1
http://claim-free-iphone.club/win,warning,1
http://tinyurl.com/security-update-99,warning,1
http://login-security-portal.tech/user,warning,1
http://reward-points-redeem.live/spin,warning,1
http://tax-refund-claim.store/portal,warning,1
http://gift-card-bonus.website/get,warning,1
http://192.168.1.100/login@secure-bank.tk/verify,danger,2
http://hdfc-bank-kyc-update.ml/urgent/otp,danger,2
https://sbi-account-suspended.ga/restore-now,danger,2
http://lottery-winner-prize.tk/claim?id=12345,danger,2
https://upi-payment-refund.xyz/enter-details,danger,2
http://amazon-security-alert.cf/account-locked,danger,2
http://paytm-kyc-expired-verify.gq/login,danger,2
http://icici-netbanking-alert.top/verify-pan,danger,2
http://axis-card-unblock-urgent.xyz/sec,danger,2
http://phonepe-cashback-scratch.site/claim,danger,2
http://google-account-recovery-scam.ml/pwd,danger,2
http://apple-id-locked-action-required.tk/auth,danger,2
http://netflix-billing-failed-update.xyz/pay,danger,2
http://whatapp-pink-download-virus.site/apk,danger,2
http://electricity-bill-unpaid-disconnection.top/pay,danger,2
http://income-tax-refund-approved.ml/account,danger,2
http://fedex-package-delivery-failed.xyz/address,danger,2
http://part-time-job-daily-income.top/register,danger,2
http://crypto-airdrop-giveaway.gq/wallet,danger,2
http://telegram-crypto-signals.xyz/join,danger,2
http://online-casino-bonus-free.tk/deposit,danger,2
http://work-from-home-guaranteed-pay.ml/apply,danger,2
http://police-challan-pay-now.gq/fine,danger,2
http://pm-kisan-yojana-subsidy.xyz/form,danger,2
